XB,XC,XD,XE,XF,XG,XH,XI,XJ,XK,XL,XM,XN,XO,XP,XQ,XR,XS,XT,XU,Class
yes,no,no,yes,no,no,yes,yes,yes,no,yes,no,yes,yes,yes,yes,yes,no,yes,yes,yes
yes,yes,no,yes,no,yes,no,yes,no,no,yes,yes,yes,yes,no,no,yes,yes,yes,no,no
yes,no,no,yes,no,no,yes,yes,yes,yes,yes,yes,yes,yes,yes,no,yes,yes,no,yes,yes
yes,no,yes,no,yes,no,yes,yes,no,no,no,no,yes,no,yes,yes,no,yes,no,no,no
yes,no,yes,yes,yes,no,yes,yes,yes,no,yes,yes,no,yes,no,no,yes,yes,no,yes,yes
yes,no,no,yes,yes,yes,yes,yes,yes,yes,yes,yes,no,yes,yes,yes,no,yes,yes,no,no
no,yes,no,no,no,yes,yes,no,yes,yes,no,no,yes,no,no,yes,yes,yes,no,no,yes
yes,no,yes,yes,yes,yes,no,no,no,no,yes,yes,yes,no,yes,no,no,yes,no,no,no
yes,yes,no,yes,no,no,yes,no,yes,no,no,no,yes,yes,yes,no,yes,yes,yes,yes,yes
no,yes,no,no,no,yes,yes,yes,yes,no,yes,yes,no,no,no,no,yes,yes,yes,no,no
no,yes,no,yes,yes,no,yes,yes,yes,yes,no,yes,no,no,no,no,yes,yes,yes,no,yes
yes,yes,no,no,no,no,yes,no,yes,no,no,no,yes,no,no,yes,no,yes,no,yes,no
no,yes,no,yes,yes,yes,no,yes,yes,no,yes,no,no,yes,yes,no,yes,no,no,no,yes
yes,no,yes,no,yes,yes,yes,no,no,no,yes,no,no,yes,yes,yes,yes,yes,yes,yes,no
no,no,no,no,yes,no,no,yes,no,yes,yes,no,yes,yes,no,yes,yes,no,no,yes,yes
yes,no,yes,no,no,yes,no,no,yes,no,yes,no,yes,yes,no,yes,yes,no,no,no,no
yes,no,no,no,no,no,no,no,no,no,yes,no,no,yes,yes,yes,no,no,yes,no,yes
no,yes,yes,yes,no,yes,no,yes,no,no,yes,no,no,yes,no,no,yes,no,no,no,no
yes,yes,no,yes,no,yes,no,yes,yes,no,no,yes,yes,yes,no,no,yes,yes,yes,no,yes
no,yes,yes,no,no,yes,no,yes,yes,no,no,yes,yes,no,no,yes,no,no,no,yes,no
yes,no,no,no,yes,no,no,yes,no,no,yes,yes,yes,yes,no,no,yes,no,no,no,yes
no,no,no,yes,no,yes,yes,yes,no,yes,yes,yes,no,yes,yes,no,yes,yes,yes,yes,no
no,yes,no,no,yes,no,yes,yes,no,yes,yes,yes,no,yes,yes,no,no,yes,no,no,yes
yes,no,no,yes,no,yes,no,yes,no,no,no,no,no,yes,no,no,no,no,no,yes,no
no,no,no,yes,no,yes,yes,no,yes,no,no,yes,yes,no,no,no,no,yes,yes,no,yes
yes,yes,yes,yes,no,no,yes,yes,no,yes,no,yes,no,yes,no,no,yes,no,no,yes,no
yes,no,yes,yes,no,no,yes,no,no,yes,yes,no,no,yes,yes,yes,no,no,no,no,yes
yes,no,no,no,yes,no,yes,no,yes,yes,no,no,no,yes,no,yes,no,no,no,no,no
yes,yes,no,no,no,no,yes,no,yes,yes,no,no,yes,yes,yes,no,yes,yes,no,no,yes
no,no,yes,no,yes,no,no,yes,no,no,no,no,yes,yes,yes,no,yes,yes,no,no,no
no,no,yes,no,yes,no,no,no,no,yes,no,yes,no,no,no,yes,yes,no,no,yes,yes
yes,yes,yes,yes,no,no,no,yes,yes,no,no,yes,yes,no,no,yes,no,yes,no,yes,no
yes,no,no,no,no,no,yes,no,no,no,no,no,no,yes,no,no,no,yes,yes,no,yes
no,no,yes,yes,no,no,no,no,no,no,yes,yes,yes,no,no,yes,no,yes,no,yes,no
no,no,no,yes,yes,no,no,yes,yes,yes,no,yes,yes,no,no,no,yes,no,no,yes,yes
no,no,yes,no,no,no,yes,no,yes,no,no,yes,no,yes,no,yes,yes,no,yes,yes,no
no,yes,no,yes,yes,yes,yes,yes,no,no,no,yes,no,no,yes,yes,yes,no,no,yes,yes
no,yes,no,no,yes,no,yes,no,yes,yes,no,yes,yes,no,no,no,no,no,no,yes,no
yes,no,yes,no,no,no,no,yes,yes,no,no,yes,yes,no,no,yes,no,no,yes,no,yes
no,yes,no,yes,yes,no,no,no,yes,no,yes,no,no,yes,yes,yes,yes,yes,no,yes,no
no,no,yes,yes,no,yes,yes,yes,yes,no,no,no,no,yes,no,no,no,yes,no,yes,yes
yes,yes,no,no,yes,no,no,no,yes,no,no,yes,yes,yes,no,no,yes,no,yes,no,no
no,no,no,yes,yes,yes,yes,no,yes,no,no,no,yes,yes,yes,yes,no,yes,yes,no,yes
yes,no,no,no,yes,yes,yes,yes,yes,yes,yes,yes,yes,yes,no,no,no,yes,yes,no,no
no,no,yes,no,yes,no,yes,no,no,yes,no,no,no,yes,no,yes,no,no,no,no,yes
no,no,no,yes,no,no,yes,no,no,no,no,yes,yes,no,yes,yes,no,no,no,yes,no
no,no,yes,no,yes,yes,yes,yes,yes,no,no,no,yes,yes,no,no,no,no,no,yes,yes
yes,no,no,yes,yes,no,yes,yes,yes,no,no,yes,no,yes,no,no,yes,yes,no,no,no
yes,no,yes,yes,yes,yes,yes,yes,no,no,yes,yes,no,no,no,no,no,yes,yes,yes,yes
no,no,yes,no,yes,yes,no,yes,no,yes,no,no,yes,no,yes,no,no,yes,no,yes,no
no,no,yes,no,yes,no,yes,yes,no,no,no,yes,no,no,no,no,no,no,no,yes,yes
no,yes,no,no,no,no,no,yes,yes,no,yes,yes,yes,no,no,yes,yes,no,no,yes,no
no,no,no,yes,yes,no,yes,no,no,yes,no,no,no,yes,no,yes,no,no,yes,no,yes
yes,no,no,yes,yes,yes,yes,no,yes,yes,yes,yes,yes,yes,yes,yes,yes,yes,no,yes,no
no,no,no,yes,yes,no,no,yes,no,no,yes,yes,yes,yes,yes,no,no,yes,no,no,yes
no,no,yes,no,yes,no,yes,no,yes,no,no,no,yes,yes,yes,no,no,no,no,no,no
no,yes,no,no,no,yes,yes,yes,no,no,no,yes,no,yes,yes,no,yes,yes,yes,no,yes
yes,no,no,no,no,no,no,no,no,yes,no,yes,yes,yes,no,yes,yes,no,no,no,no
yes,no,yes,yes,no,no,no,yes,yes,no,yes,no,yes,yes,yes,yes,yes,no,yes,no,yes
yes,yes,no,no,no,yes,yes,yes,yes,yes,yes,yes,yes,yes,yes,no,no,yes,yes,yes,no
yes,no,yes,no,no,no,yes,yes,yes,no,no,no,no,no,no,no,yes,yes,yes,no,yes
yes,no,yes,yes,no,yes,no,no,yes,yes,yes,no,no,no,no,yes,no,no,no,yes,no
yes,yes,no,yes,yes,yes,no,yes,yes,no,no,yes,no,yes,no,no,no,yes,yes,no,yes
yes,no,yes,no,yes,no,yes,yes,no,no,yes,no,no,yes,no,no,yes,yes,no,no,no
no,yes,no,yes,no,yes,yes,yes,no,yes,no,yes,yes,no,yes,yes,no,yes,yes,yes,yes
no,yes,no,no,yes,no,yes,yes,yes,no,no,no,no,yes,yes,no,no,no,yes,yes,no
no,yes,no,yes,yes,yes,no,yes,no,yes,yes,yes,yes,no,yes,yes,yes,no,no,yes,yes
no,yes,yes,yes,no,no,no,no,yes,no,no,yes,no,yes,no,no,no,yes,no,yes,no
no,yes,no,yes,yes,yes,no,yes,yes,no,yes,yes,no,no,yes,yes,no,yes,no,yes,yes
yes,yes,no,no,no,yes,yes,yes,yes,yes,yes,yes,no,yes,yes,no,no,no,yes,yes,no
no,no,no,yes,yes,yes,yes,yes,yes,yes,no,no,no,yes,no,yes,no,no,no,no,yes
yes,yes,no,yes,no,no,no,yes,yes,yes,yes,no,yes,no,yes,yes,no,yes,yes,no,no
no,yes,no,no,yes,no,yes,no,yes,yes,yes,no,no,yes,no,yes,yes,no,no,yes,yes
yes,yes,no,no,no,yes,yes,yes,yes,no,no,yes,no,no,yes,no,yes,yes,no,yes,no
no,yes,no,yes,yes,yes,yes,yes,no,no,yes,yes,no,no,no,yes,no,no,yes,yes,yes
yes,yes,no,yes,no,no,no,no,no,yes,yes,no,no,no,yes,no,no,no,no,yes,no
no,no,yes,no,yes,no,yes,no,yes,no,no,no,yes,yes,no,yes,no,no,yes,no,yes
yes,no,no,no,no,yes,no,yes,no,yes,no,yes,yes,no,yes,no,yes,yes,no,no,no
no,no,no,yes,yes,no,no,yes,no,yes,yes,no,no,yes,no,no,yes,yes,yes,yes,yes
no,no,no,yes,yes,yes,no,no,no,yes,no,yes,no,no,yes,no,no,yes,no,no,no
no,no,no,no,yes,no,yes,yes,yes,no,yes,no,yes,yes,yes,no,yes,yes,yes,no,yes
yes,no,yes,yes,no,no,yes,no,no,yes,yes,yes,no,no,yes,no,no,yes,no,no,no
yes,no,yes,yes,yes,yes,yes,yes,yes,no,yes,yes,yes,no,no,yes,no,yes,yes,no,yes
yes,no,no,no,yes,no,no,no,no,no,yes,yes,no,no,yes,no,no,no,no,no,no
yes,yes,no,no,no,no,yes,yes,yes,no,no,yes,no,yes,yes,no,no,yes,yes,yes,yes
yes,yes,no,yes,yes,no,no,no,yes,no,yes,yes,yes,yes,yes,yes,no,yes,yes,yes,no
no,no,no,no,yes,yes,yes,no,no,yes,yes,no,no,yes,no,yes,no,yes,yes,no,yes
no,yes,yes,no,yes,yes,no,yes,yes,no,no,no,no,yes,no,no,no,yes,yes,no,no
no,no,no,yes,no,yes,yes,yes,yes,no,yes,yes,no,yes,yes,no,no,yes,yes,yes,yes
no,yes,yes,yes,no,no,yes,no,no,no,yes,yes,yes,no,yes,no,yes,yes,no,yes,no
no,yes,no,no,yes,yes,no,yes,yes,no,no,yes,yes,no,no,yes,no,no,no,yes,yes
no,yes,no,no,no,yes,yes,yes,yes,yes,no,yes,no,yes,yes,no,no,no,no,no,no
yes,no,yes,yes,no,no,yes,no,yes,no,yes,no,yes,yes,yes,yes,yes,no,yes,yes,yes
no,yes,no,no,yes,no,no,no,yes,no,yes,no,no,no,no,yes,no,no,no,yes,no
yes,no,no,yes,no,no,no,no,yes,no,no,yes,yes,yes,no,no,no,no,yes,yes,yes
no,yes,no,yes,yes,yes,no,no,no,no,no,no,yes,yes,no,yes,yes,yes,yes,yes,no
no,no,yes,no,yes,yes,no,no,yes,no,yes,no,yes,yes,no,yes,no,yes,no,no,yes
yes,no,no,no,no,yes,yes,no,no,no,yes,no,yes,no,yes,yes,no,yes,no,yes,no
no,no,no,yes,yes,no,yes,no,no,yes,yes,no,no,yes,no,yes,yes,no,yes,no,yes
yes,no,no,no,no,no,yes,no,no,no,yes,yes,yes,no,yes,no,yes,yes,no,no,no
yes,no,no,yes,no,no,yes,yes,no,yes,no,yes,yes,yes,no,no,no,yes,no,no,yes
no,yes,yes,no,yes,no,no,no,yes,yes,yes,yes,no,no,no,yes,no,no,no,no,no
no,yes,no,no,yes,yes,no,no,yes,yes,yes,no,yes,yes,no,yes,yes,no,yes,no,yes
no,yes,no,no,yes,yes,no,no,yes,no,no,no,no,yes,no,yes,no,no,yes,no,no
no,yes,no,no,yes,yes,no,yes,no,no,no,yes,yes,no,yes,no,no,no,yes,no,yes
yes,yes,yes,yes,yes,yes,yes,yes,no,yes,no,no,yes,yes,yes,yes,no,yes,yes,yes,no
no,no,yes,no,yes,yes,yes,yes,no,no,no,no,yes,yes,no,yes,no,no,yes,no,yes
yes,yes,no,yes,no,no,no,no,no,yes,no,yes,yes,yes,no,no,no,no,yes,yes,no
no,no,yes,yes,no,yes,yes,no,no,yes,no,yes,no,no,no,yes,no,yes,yes,no,yes
no,no,no,yes,yes,yes,no,no,no,yes,yes,no,no,no,yes,no,no,yes,yes,no,no
yes,yes,no,no,no,yes,no,yes,yes,no,no,yes,no,yes,yes,no,yes,yes,yes,no,yes
no,yes,yes,yes,yes,no,no,no,yes,yes,yes,yes,no,yes,yes,yes,no,yes,no,yes,no
no,yes,no,no,yes,yes,yes,no,yes,no,yes,yes,no,no,yes,yes,no,yes,no,no,yes
no,no,no,no,yes,yes,no,yes,yes,no,no,no,yes,no,yes,no,yes,yes,no,no,no
no,yes,no,yes,no,yes,yes,yes,no,yes,yes,yes,yes,no,yes,yes,yes,yes,no,yes,yes
no,no,no,no,no,yes,yes,yes,no,yes,yes,yes,yes,yes,yes,no,no,no,yes,yes,no
no,no,yes,yes,yes,no,yes,no,yes,yes,yes,yes,no,no,no,yes,no,no,yes,yes,yes
yes,yes,no,yes,yes,no,no,no,no,yes,no,no,yes,no,yes,yes,yes,no,no,no,no
no,no,no,yes,yes,no,yes,yes,yes,no,yes,no,no,yes,yes,yes,yes,no,no,no,yes
no,no,yes,no,yes,yes,no,no,no,yes,no,yes,yes,yes,yes,yes,no,yes,yes,yes,no
no,no,no,no,yes,yes,yes,yes,no,no,no,no,no,yes,no,no,no,yes,yes,yes,yes
yes,no,yes,yes,no,no,no,yes,no,yes,yes,no,no,yes,no,yes,yes,no,no,yes,no
yes,no,yes,yes,yes,yes,no,yes,yes,no,yes,yes,yes,no,no,no,no,no,no,yes,yes
yes,no,no,no,yes,no,no,no,no,no,no,yes,yes,yes,yes,yes,no,no,no,yes,no
no,no,yes,yes,yes,no,yes,no,yes,yes,yes,no,no,yes,yes,yes,yes,no,no,yes,yes
no,yes,no,yes,no,no,no,no,no,no,yes,yes,no,no,yes,yes,yes,yes,no,yes,no
yes,no,no,yes,no,yes,yes,yes,no,no,yes,no,no,yes,yes,no,no,yes,no,yes,yes
no,yes,yes,no,no,yes,no,yes,yes,yes,no,yes,no,no,no,no,no,yes,no,no,no
yes,yes,yes,no,no,no,yes,no,yes,yes,no,no,no,yes,yes,yes,yes,no,no,no,yes
yes,no,yes,no,no,yes,yes,yes,no,no,yes,no,yes,no,no,yes,no,yes,yes,no,no
no,no,yes,yes,no,yes,no,yes,no,no,no,yes,no,no,no,no,no,yes,yes,no,yes
no,yes,yes,yes,yes,yes,no,no,no,no,yes,no,no,no,no,no,yes,yes,yes,no,no
no,no,yes,no,yes,no,yes,no,yes,no,yes,yes,yes,no,yes,yes,yes,no,yes,no,yes
yes,no,yes,no,no,no,no,yes,no,no,no,no,yes,no,no,yes,yes,yes,no,yes,no
no,yes,no,no,yes,no,yes,yes,yes,no,yes,yes,yes,yes,no,no,yes,yes,no,yes,yes
yes,no,no,no,yes,no,yes,no,yes,no,no,yes,yes,yes,yes,no,no,no,no,no,no
no,yes,no,no,yes,yes,no,yes,yes,no,yes,yes,yes,no,no,no,yes,yes,no,no,yes
no,no,no,no,no,yes,no,yes,yes,yes,no,no,no,no,yes,yes,no,no,no,no,no
no,yes,no,yes,no,yes,yes,yes,yes,no,yes,no,yes,no,yes,no,yes,yes,yes,yes,yes
yes,no,yes,yes,yes,no,no,no,no,yes,no,no,no,yes,yes,no,no,no,yes,yes,no
yes,no,no,yes,no,no,yes,no,no,yes,yes,no,no,yes,yes,no,yes,no,no,no,yes
yes,yes,no,no,yes,no,yes,no,no,yes,yes,no,no,no,no,yes,no,no,yes,yes,no
no,no,no,yes,no,yes,no,no,yes,yes,yes,no,no,yes,yes,no,no,yes,no,no,yes
yes,no,yes,no,yes,yes,yes,yes,no,yes,no,no,yes,yes,no,yes,yes,no,no,no,no
no,no,no,no,yes,yes,yes,yes,yes,yes,yes,yes,yes,no,no,no,no,no,no,no,yes
no,no,no,yes,yes,no,yes,yes,yes,yes,yes,no,no,yes,yes,no,no,yes,no,no,no
yes,no,yes,yes,no,no,no,no,no,no,no,yes,no,yes,no,no,yes,no,yes,no,yes
no,yes,no,no,no,no,yes,yes,no,yes,yes,yes,yes,no,no,no,no,no,yes,yes,no
no,yes,no,yes,no,yes,no,yes,no,no,no,yes,yes,yes,no,no,yes,yes,no,no,yes
yes,no,yes,yes,yes,yes,no,no,yes,no,yes,yes,no,yes,no,no,yes,no,no,no,no
no,no,yes,no,yes,no,no,no,yes,yes,yes,yes,yes,no,yes,yes,yes,no,no,yes,yes
no,yes,no,no,no,no,no,no,yes,yes,no,no,no,no,yes,no,yes,yes,no,no,no
no,yes,no,no,yes,no,yes,no,no,no,no,yes,no,no,yes,yes,no,no,yes,yes,yes
yes,no,yes,yes,no,no,yes,no,no,yes,yes,no,yes,yes,no,yes,no,yes,no,no,no
no,no,yes,no,yes,no,yes,yes,no,no,no,no,yes,yes,yes,no,no,no,yes,yes,yes
no,yes,yes,yes,yes,no,no,no,no,no,yes,no,no,yes,no,no,no,yes,no,yes,no
no,no,no,yes,yes,no,yes,yes,yes,yes,yes,yes,no,no,no,yes,yes,no,no,yes,yes
no,yes,yes,yes,no,yes,yes,no,no,no,no,no,no,no,no,no,yes,no,no,yes,no
yes,yes,no,yes,yes,yes,no,yes,no,no,yes,yes,yes,yes,no,no,yes,yes,no,yes,yes
no,no,yes,no,yes,no,no,yes,no,no,yes,yes,no,no,no,no,no,no,yes,no,no
yes,no,no,yes,no,yes,no,yes,yes,yes,yes,no,no,yes,yes,no,no,yes,no,yes,yes
no,no,yes,no,no,no,no,no,no,no,yes,yes,no,no,yes,yes,no,no,no,no,no
no,yes,no,yes,no,yes,yes,yes,yes,yes,yes,no,no,no,yes,yes,yes,yes,no,no,yes
yes,yes,yes,no,no,yes,yes,yes,yes,no,no,yes,yes,yes,no,yes,yes,yes,no,yes,no
no,no,no,no,no,yes,yes,yes,no,yes,no,no,yes,yes,yes,no,no,yes,yes,no,yes
yes,no,no,no,no,yes,yes,yes,no,no,yes,no,no,no,yes,yes,yes,yes,yes,yes,no
yes,yes,yes,no,no,no,no,no,no,no,yes,yes,no,yes,yes,no,yes,no,no,no,yes
no,yes,no,yes,yes,yes,yes,no,yes,yes,yes,yes,no,no,no,no,no,yes,no,no,no
yes,yes,yes,no,no,no,yes,no,no,yes,no,yes,no,yes,yes,no,yes,no,no,no,yes
yes,no,no,yes,yes,no,yes,no,yes,no,no,yes,yes,yes,no,no,no,yes,yes,no,no
no,no,yes,yes,no,yes,no,no,yes,yes,no,yes,no,no,no,no,no,yes,yes,no,yes
yes,no,yes,no,yes,yes,no,yes,no,yes,no,no,no,no,yes,no,yes,yes,yes,yes,no
yes,yes,yes,no,no,no,yes,no,no,yes,yes,yes,no,yes,yes,no,yes,no,no,no,yes
yes,no,yes,yes,no,no,yes,yes,no,no,no,yes,no,yes,yes,no,no,no,yes,yes,no
yes,no,no,yes,no,no,yes,yes,yes,yes,no,no,no,yes,yes,yes,no,no,no,yes,yes
yes,no,yes,yes,no,no,yes,no,no,no,yes,yes,no,no,yes,no,yes,yes,yes,yes,no
yes,yes,no,yes,no,yes,yes,yes,no,no,yes,yes,no,yes,yes,no,yes,yes,no,yes,yes
no,yes,yes,no,no,yes,yes,no,yes,yes,yes,no,yes,yes,yes,no,yes,yes,no,yes,no
no,no,no,yes,yes,yes,yes,yes,no,no,yes,no,no,yes,no,yes,no,yes,no,no,yes
yes,yes,yes,no,no,no,yes,no,yes,no,yes,yes,no,no,yes,yes,yes,no,yes,yes,no
no,yes,no,yes,no,yes,yes,no,yes,yes,no,no,no,yes,no,yes,no,yes,no,no,yes
yes,yes,yes,no,yes,yes,yes,yes,no,yes,yes,yes,yes,no,yes,yes,no,yes,no,no,no
no,no,no,no,yes,yes,yes,no,no,no,yes,yes,no,no,yes,yes,no,yes,yes,no,yes
no,no,no,yes,yes,yes,no,yes,no,no,yes,no,yes,yes,no,yes,no,yes,yes,yes,no
no,yes,no,no,yes,yes,no,yes,yes,no,yes,yes,no,no,yes,no,yes,yes,yes,yes,yes
no,no,yes,yes,yes,yes,no,no,no,yes,no,no,yes,yes,yes,no,yes,yes,no,yes,no
yes,no,yes,no,no,no,yes,yes,yes,no,no,no,no,yes,no,no,yes,no,no,yes,yes
no,yes,no,no,no,yes,yes,no,yes,no,yes,no,no,no,yes,yes,yes,no,no,yes,no
no,yes,no,yes,yes,no,no,yes,no,yes,yes,yes,yes,no,no,yes,yes,no,yes,yes,yes
no,yes,yes,yes,no,yes,no,no,yes,no,yes,yes,yes,yes,yes,no,yes,no,yes,no,no
no,no,yes,no,yes,no,yes,yes,no,no,yes,no,yes,yes,no,no,no,yes,yes,no,yes
no,no,no,yes,no,yes,no,no,no,no,no,yes,no,yes,yes,yes,yes,no,no,yes,no
no,yes,no,yes,no,yes,no,yes,no,yes,yes,yes,no,yes,yes,no,no,yes,yes,yes,yes
no,yes,no,no,yes,yes,yes,no,no,yes,yes,yes,yes,no,yes,yes,yes,no,no,yes,no
no,no,no,yes,yes,no,yes,yes,yes,yes,no,yes,no,no,no,no,yes,yes,yes,no,yes
no,yes,yes,yes,yes,no,yes,yes,yes,no,yes,yes,yes,no,yes,yes,no,no,yes,yes,no
no,no,no,no,no,yes,no,yes,yes,no,yes,no,yes,no,yes,no,no,yes,yes,no,yes
no,yes,yes,no,no,yes,yes,no,yes,yes,no,no,yes,yes,no,yes,yes,yes,yes,yes,no
yes,yes,no,no,no,yes,yes,no,yes,yes,no,no,yes,yes,no,yes,yes,yes,no,no,yes
yes,no,no,no,no,yes,yes,no,yes,no,yes,yes,yes,no,no,no,yes,yes,yes,yes,no
no,yes,yes,yes,yes,yes,yes,yes,yes,no,no,no,yes,yes,yes,no,no,no,no,yes,yes
no,yes,yes,yes,yes,yes,yes,no,no,yes,no,no,yes,no,yes,no,no,yes,yes,no,no
yes,yes,yes,yes,no,no,yes,no,yes,no,no,no,yes,yes,yes,no,no,no,yes,no,yes
yes,no,yes,yes,no,yes,no,yes,no,yes,no,no,yes,yes,yes,no,no,yes,yes,no,no
no,no,yes,no,yes,no,no,no,yes,yes,yes,yes,yes,no,no,yes,no,no,yes,yes,yes
no,yes,no,yes,yes,yes,no,yes,yes,no,yes,yes,yes,yes,no,no,no,yes,no,no,no
no,yes,no,yes,yes,no,yes,yes,no,yes,yes,yes,yes,no,no,no,yes,yes,no,no,yes
yes,yes,no,no,no,no,yes,yes,no,no,no,no,yes,yes,yes,yes,no,no,no,yes,no
yes,yes,no,yes,no,no,yes,yes,yes,no,yes,yes,yes,yes,yes,no,yes,yes,no,no,yes
no,yes,no,yes,no,yes,no,yes,no,no,no,yes,yes,no,no,yes,yes,no,yes,yes,no
yes,no,yes,no,no,no,no,yes,no,no,no,yes,no,no,no,yes,no,no,yes,no,yes
no,no,no,yes,yes,no,yes,yes,no,yes,yes,yes,yes,no,yes,no,no,yes,yes,no,no
no,yes,no,no,yes,yes,yes,yes,yes,no,no,no,yes,yes,no,yes,yes,yes,no,yes,yes
yes,yes,yes,no,yes,yes,no,no,yes,yes,yes,yes,yes,no,yes,yes,yes,yes,yes,yes,no
no,yes,no,yes,yes,no,yes,no,yes,no,no,no,yes,yes,no,yes,yes,no,no,yes,yes
yes,no,no,yes,yes,yes,no,no,no,no,no,yes,yes,no,yes,yes,yes,no,no,yes,no
yes,no,yes,yes,yes,yes,no,yes,yes,no,yes,yes,no,yes,no,no,no,yes,yes,no,yes
yes,no,no,yes,no,no,yes,no,yes,no,yes,yes,yes,yes,yes,yes,yes,yes,no,no,no
yes,yes,no,yes,no,no,yes,no,no,yes,no,yes,no,yes,no,no,yes,yes,no,yes,yes
yes,yes,yes,no,no,no,yes,yes,no,yes,no,yes,no,no,no,yes,yes,no,yes,no,no
yes,no,yes,yes,no,no,no,no,yes,yes,yes,no,yes,yes,yes,no,no,no,no,no,yes
yes,yes,yes,yes,no,no,no,yes,yes,yes,no,yes,no,yes,yes,no,no,no,yes,yes,no
yes,no,no,no,yes,no,yes,yes,yes,no,yes,yes,no,yes,yes,no,yes,no,yes,no,yes
no,no,no,no,yes,yes,yes,yes,no,no,no,yes,yes,no,yes,yes,yes,yes,yes,yes,no
no,yes,yes,no,yes,no,no,no,yes,no,yes,no,yes,yes,yes,yes,yes,no,yes,no,yes
no,yes,yes,no,yes,yes,no,no,yes,yes,no,yes,no,no,yes,yes,yes,no,yes,yes,no
no,yes,no,no,no,yes,yes,no,yes,yes,no,no,no,yes,yes,yes,yes,yes,no,no,yes
yes,no,no,no,no,no,no,yes,no,no,yes,yes,yes,no,no,no,no,no,yes,no,no
yes,no,yes,no,no,no,yes,yes,yes,no,no,no,no,no,yes,yes,no,no,no,no,yes
yes,yes,yes,yes,no,no,yes,no,yes,no,yes,no,yes,no,no,yes,yes,yes,no,no,no
no,yes,no,yes,yes,no,yes,yes,yes,yes,no,no,yes,yes,yes,yes,no,no,no,yes,yes
yes,yes,yes,yes,no,yes,no,yes,no,no,no,yes,no,yes,yes,no,no,yes,no,yes,no
no,no,yes,yes,no,yes,yes,yes,yes,no,no,no,no,no,no,yes,no,yes,yes,yes,yes
no,yes,no,yes,no,no,yes,yes,yes,yes,yes,no,yes,yes,no,no,yes,yes,no,yes,no
yes,yes,yes,yes,no,no,no,no,yes,yes,yes,no,no,yes,yes,yes,yes,no,no,yes,yes
yes,no,yes,yes,no,no,yes,no,yes,yes,no,yes,yes,no,yes,no,no,yes,yes,yes,no
no,yes,yes,yes,yes,yes,no,no,yes,no,yes,no,no,yes,yes,yes,no,no,yes,no,yes
no,yes,yes,no,no,no,no,yes,yes,yes,no,yes,yes,yes,no,yes,yes,no,no,no,no
yes,yes,yes,yes,no,no,yes,no,no,no,no,yes,no,yes,yes,no,no,no,yes,yes,yes
no,no,yes,no,no,yes,yes,no,no,no,yes,yes,yes,yes,no,yes,no,no,no,yes,no
yes,no,no,yes,no,no,yes,yes,no,no,no,yes,no,yes,no,no,no,no,yes,no,yes
no,yes,yes,no,no,no,yes,no,no,yes,yes,no,yes,yes,no,no,no,yes,yes,no,no
no,yes,no,no,yes,yes,no,no,yes,yes,yes,no,no,yes,no,yes,no,yes,yes,no,yes
yes,yes,yes,no,yes,yes,no,yes,yes,yes,no,yes,yes,no,no,yes,no,yes,yes,no,no
yes,no,yes,no,yes,yes,no,yes,no,no,no,yes,no,no,no,yes,no,no,no,no,yes
no,yes,no,yes,no,yes,yes,no,yes,yes,yes,no,no,no,yes,yes,no,no,yes,yes,no
no,no,yes,no,yes,yes,no,yes,yes,no,yes,yes,yes,no,no,no,no,no,no,yes,yes
yes,no,no,no,yes,no,no,no,yes,no,no,yes,yes,no,no,no,yes,yes,yes,no,no
no,no,yes,yes,yes,no,no,no,yes,yes,yes,yes,yes,no,no,yes,no,no,yes,yes,yes
no,yes,no,yes,yes,yes,no,no,yes,no,no,yes,no,no,no,no,no,no,no,yes,no
yes,yes,no,no,yes,yes,yes,yes,yes,no,yes,yes,no,yes,no,no,yes,no,yes,no,yes
no,yes,no,no,yes,no,yes,no,no,no,no,yes,yes,no,yes,yes,yes,no,no,yes,no
yes,yes,no,no,yes,no,no,yes,no,no,no,yes,yes,yes,no,no,no,no,yes,yes,yes
yes,no,yes,yes,no,no,yes,no,no,no,yes,yes,yes,yes,no,no,yes,no,yes,yes,no
no,yes,no,no,yes,no,no,yes,no,yes,yes,yes,no,yes,yes,no,yes,no,no,no,yes
no,yes,no,yes,yes,yes,yes,yes,yes,no,no,no,no,yes,yes,yes,yes,no,yes,no,no
no,no,yes,no,yes,no,yes,no,yes,yes,yes,yes,yes,no,yes,yes,no,no,no,no,yes
no,yes,no,no,yes,no,no,yes,no,no,yes,no,yes,yes,yes,no,yes,yes,no,yes,no
no,no,no,yes,yes,yes,yes,yes,yes,no,no,no,yes,yes,no,no,no,no,yes,yes,yes
no,no,yes,no,yes,yes,yes,no,no,yes,yes,no,yes,yes,no,no,no,yes,yes,yes,no
yes,no,yes,yes,no,no,no,no,yes,no,yes,no,no,yes,yes,yes,yes,no,yes,yes,yes
no,yes,yes,no,yes,yes,yes,no,no,no,yes,no,yes,yes,yes,yes,yes,no,no,no,no
no,yes,yes,no,yes,no,no,no,yes,no,yes,no,no,yes,yes,yes,yes,no,yes,yes,yes
yes,yes,no,no,no,yes,no,yes,yes,yes,no,yes,yes,no,yes,no,no,yes,yes,yes,no
no,yes,no,yes,no,yes,no,no,no,no,no,yes,no,no,no,yes,yes,yes,no,no,yes
no,yes,no,no,yes,no,no,no,yes,no,yes,no,yes,yes,no,yes,yes,no,yes,yes,no
no,yes,no,yes,no,yes,yes,yes,yes,yes,no,no,no,no,no,no,no,yes,yes,no,yes
no,no,no,no,no,no,yes,no,no,no,yes,yes,no,yes,no,yes,no,yes,yes,no,no
no,yes,no,yes,yes,no,yes,yes,no,yes,yes,yes,no,yes,no,no,yes,no,yes,no,yes
no,yes,yes,no,no,no,yes,yes,yes,no,no,no,no,yes,yes,no,no,no,yes,no,no
no,yes,no,no,no,yes,yes,no,yes,no,yes,yes,no,no,yes,no,no,yes,no,no,yes
yes,no,yes,no,no,no,yes,no,no,yes,no,yes,yes,no,no,yes,no,no,yes,yes,no
no,no,yes,no,yes,no,no,no,yes,no,no,yes,no,no,yes,yes,no,no,yes,no,yes
yes,yes,yes,no,yes,no,no,yes,no,yes,no,no,no,yes,no,no,yes,no,yes,yes,no
yes,no,no,no,no,no,no,yes,yes,yes,yes,no,yes,yes,yes,no,yes,no,no,no,yes
no,no,yes,no,no,yes,yes,no,no,yes,yes,yes,no,no,no,no,yes,no,no,no,no
no,no,no,yes,yes,no,yes,no,no,no,yes,yes,no,no,yes,yes,yes,no,yes,yes,yes
no,yes,yes,yes,yes,yes,no,no,no,no,yes,yes,yes,yes,no,no,no,no,yes,yes,no
no,yes,no,yes,no,yes,yes,yes,yes,no,yes,no,yes,yes,yes,yes,yes,yes,no,yes,yes
yes,no,yes,yes,yes,no,yes,yes,yes,no,no,no,yes,no,yes,no,yes,yes,yes,no,no
yes,yes,no,no,yes,yes,yes,yes,yes,yes,yes,yes,no,yes,yes,no,yes,yes,no,no,yes
no,yes,yes,no,no,yes,no,no,yes,yes,yes,yes,yes,yes,no,yes,yes,yes,no,no,no
yes,yes,yes,yes,no,no,no,no,yes,yes,no,yes,yes,yes,yes,no,yes,no,no,no,yes
no,yes,no,yes,no,no,yes,no,yes,yes,no,yes,no,no,yes,no,yes,yes,yes,yes,no
no,no,no,yes,no,yes,yes,yes,yes,no,yes,no,no,yes,yes,yes,no,yes,no,yes,yes
no,no,no,yes,yes,no,yes,no,yes,no,yes,no,no,no,yes,no,no,yes,yes,no,no
no,yes,no,yes,yes,no,no,yes,no,yes,no,yes,yes,yes,no,no,no,yes,no,yes,yes
yes,no,yes,yes,no,no,yes,no,yes,yes,yes,no,no,no,no,no,yes,no,yes,yes,no
yes,yes,no,no,no,no,yes,yes,yes,no,no,no,yes,yes,no,no,yes,yes,yes,no,yes
no,yes,yes,yes,yes,yes,yes,yes,no,yes,no,yes,no,no,yes,yes,no,no,no,no,no
no,no,no,yes,yes,no,no,no,no,no,no,yes,no,no,no,yes,yes,no,yes,no,yes
yes,no,yes,no,yes,no,no,no,no,yes,yes,yes,no,no,no,yes,no,yes,yes,yes,no
no,no,yes,no,yes,yes,no,yes,yes,no,yes,no,yes,yes,no,yes,no,yes,yes,yes,yes
no,no,no,yes,no,yes,no,no,yes,yes,yes,yes,yes,yes,yes,yes,yes,no,no,no,no
no,no,no,no,yes,no,yes,yes,no,yes,no,no,yes,yes,yes,yes,no,no,yes,yes,yes
yes,no,no,no,no,yes,yes,no,no,yes,no,yes,yes,yes,no,yes,yes,no,no,yes,no
no,no,no,no,yes,no,no,no,no,no,yes,no,no,yes,no,yes,yes,no,no,no,yes
yes,yes,yes,no,no,yes,yes,yes,no,yes,no,yes,yes,no,no,no,no,yes,no,no,no
yes,no,yes,no,no,no,no,yes,yes,no,no,yes,no,no,no,no,yes,yes,yes,yes,yes
yes,yes,no,yes,no,no,no,no,yes,no,yes,no,yes,no,yes,no,no,no,no,no,no
no,no,no,yes,yes,no,yes,no,no,no,no,no,no,yes,no,yes,no,no,yes,yes,yes
yes,yes,yes,yes,no,yes,no,no,yes,no,no,yes,no,yes,yes,yes,no,no,no,no,no
yes,yes,no,yes,no,no,no,yes,yes,no,yes,no,yes,yes,yes,yes,yes,no,no,yes,yes
yes,yes,yes,yes,no,yes,yes,no,no,yes,no,yes,yes,no,yes,yes,no,yes,no,no,no
no,yes,no,yes,yes,no,yes,no,yes,yes,no,no,no,yes,yes,yes,no,no,yes,yes,yes
yes,no,no,no,no,no,yes,no,no,no,yes,no,yes,yes,no,yes,yes,yes,no,yes,no
yes,no,no,no,no,yes,yes,no,no,no,no,no,no,yes,no,yes,no,yes,yes,no,yes
yes,no,no,no,no,no,no,no,no,yes,no,no,yes,no,no,yes,no,yes,no,yes,no
no,no,yes,no,yes,no,yes,no,no,no,yes,yes,no,no,yes,yes,no,no,yes,yes,yes
yes,no,yes,no,no,yes,yes,no,no,yes,no,yes,yes,yes,yes,yes,yes,yes,yes,yes,no
no,no,no,yes,yes,yes,no,no,yes,no,yes,no,no,yes,yes,yes,no,yes,no,no,yes
no,yes,no,no,yes,no,yes,yes,no,no,yes,yes,yes,yes,yes,no,no,no,yes,no,no
no,no,yes,no,yes,yes,yes,no,no,yes,no,yes,no,no,yes,yes,no,no,yes,no,yes
yes,no,no,yes,no,yes,no,no,yes,no,yes,yes,no,yes,yes,yes,no,no,yes,no,no
yes,no,yes,yes,yes,no,yes,yes,no,no,yes,yes,yes,no,no,no,yes,yes,no,yes,yes
yes,no,no,yes,no,no,no,yes,no,yes,yes,yes,no,no,no,no,no,no,yes,no,no
yes,no,yes,no,no,no,yes,yes,yes,no,yes,yes,no,no,yes,no,yes,no,yes,yes,yes
no,yes,yes,no,yes,no,yes,no,yes,yes,yes,yes,yes,no,no,yes,no,yes,yes,yes,no
no,no,no,yes,yes,yes,yes,yes,yes,no,no,yes,no,no,yes,yes,no,yes,no,yes,yes
no,no,yes,yes,yes,yes,yes,no,yes,no,yes,no,no,yes,yes,yes,no,yes,no,no,no
no,yes,no,no,yes,yes,no,no,yes,no,no,yes,yes,no,no,yes,yes,no,yes,no,yes
yes,no,yes,no,yes,yes,no,yes,yes,no,yes,yes,yes,yes,no,no,yes,yes,yes,yes,no
no,yes,no,no,yes,no,no,yes,yes,yes,yes,no,no,yes,no,yes,yes,no,yes,no,yes
yes,yes,no,yes,no,yes,yes,no,no,no,no,no,no,yes,no,yes,yes,yes,yes,no,no
yes,no,yes,yes,no,no,no,yes,no,no,yes,no,yes,no,yes,no,yes,no,yes,no,yes
yes,yes,no,yes,yes,no,yes,yes,no,no,no,yes,yes,no,no,yes,yes,yes,yes,yes,no
no,yes,no,yes,yes,yes,yes,yes,yes,yes,yes,yes,no,no,no,no,yes,yes,no,yes,yes
yes,yes,yes,no,no,no,no,no,yes,yes,yes,yes,no,no,yes,no,no,yes,no,no,no
no,yes,no,yes,no,yes,no,no,yes,yes,yes,no,yes,yes,yes,no,no,yes,yes,no,yes
no,yes,yes,no,no,no,yes,yes,no,yes,yes,yes,yes,yes,no,no,no,yes,yes,no,no
no,no,yes,no,no,yes,no,no,yes,yes,no,yes,no,no,no,yes,no,yes,no,no,yes
yes,no,no,no,no,no,no,no,no,yes,no,yes,no,yes,yes,no,no,no,yes,yes,no
yes,no,yes,yes,no,no,no,no,yes,no,no,yes,yes,yes,yes,no,no,no,yes,no,yes
no,yes,no,yes,no,no,no,no,no,yes,no,no,yes,no,yes,yes,yes,yes,no,yes,no
no,no,no,no,yes,no,yes,yes,no,yes,yes,yes,yes,yes,yes,no,yes,no,no,no,yes
no,no,no,yes,yes,yes,yes,no,no,no,no,no,yes,no,no,yes,no,yes,no,yes,no
no,no,yes,no,yes,no,yes,no,no,yes,no,no,no,yes,yes,yes,no,no,no,no,yes
no,yes,no,no,yes,no,yes,no,no,no,yes,yes,no,no,no,yes,no,no,no,no,no
no,yes,no,yes,yes,yes,yes,yes,yes,no,yes,no,yes,yes,no,no,yes,no,no,yes,yes
no,yes,yes,no,yes,no,no,no,no,no,yes,no,yes,yes,yes,yes,yes,yes,no,no,no
no,no,no,no,yes,yes,yes,yes,yes,yes,yes,no,yes,yes,yes,yes,no,yes,no,yes,yes
yes,yes,yes,no,no,no,yes,yes,no,yes,no,no,no,yes,no,yes,no,yes,no,no,no
no,yes,no,yes,yes,yes,no,yes,yes,yes,no,yes,no,no,yes,yes,no,no,no,no,yes
yes,no,yes,no,yes,yes,yes,no,no,yes,yes,yes,no,no,yes,yes,no,yes,yes,no,no
yes,no,yes,yes,yes,yes,yes,yes,yes,no,yes,yes,no,yes,no,no,no,yes,yes,no,yes
no,yes,no,yes,no,yes,yes,yes,yes,no,yes,yes,yes,no,no,no,no,no,no,yes,no
no,yes,no,yes,yes,yes,yes,yes,yes,yes,no,yes,yes,no,yes,yes,yes,no,yes,yes,yes
yes,no,no,yes,no,no,no,no,yes,yes,yes,yes,no,no,yes,yes,yes,no,yes,yes,no
yes,yes,no,no,yes,no,no,yes,yes,no,yes,yes,no,yes,yes,no,no,yes,no,yes,yes
no,yes,no,no,yes,yes,yes,no,yes,yes,yes,yes,no,yes,yes,yes,yes,yes,no,no,no
no,no,yes,no,yes,yes,yes,yes,no,no,no,no,no,yes,no,no,no,no,yes,no,yes
no,no,no,no,no,no,no,yes,no,no,yes,no,yes,yes,yes,no,no,yes,no,yes,no
yes,no,yes,no,no,no,yes,yes,yes,no,no,yes,yes,no,no,no,yes,yes,yes,no,yes
no,yes,yes,yes,yes,no,yes,no,no,yes,yes,yes,no,yes,yes,yes,yes,yes,no,no,no
no,no,no,yes,yes,yes,yes,yes,no,no,no,yes,no,no,yes,yes,no,no,yes,yes,yes
no,no,no,yes,no,no,no,no,yes,yes,no,no,yes,yes,no,yes,no,no,no,no,no
yes,no,yes,yes,yes,yes,no,yes,yes,no,yes,yes,yes,no,no,no,no,yes,yes,no,yes
yes,yes,yes,no,yes,yes,no,yes,no,yes,yes,no,yes,no,no,no,yes,no,yes,no,no
no,yes,no,yes,no,yes,no,yes,no,no,no,yes,yes,no,no,no,yes,yes,yes,yes,yes
yes,yes,no,no,no,yes,no,yes,no,yes,no,yes,no,no,yes,yes,yes,yes,yes,no,no
no,yes,no,yes,no,yes,no,no,yes,yes,no,yes,yes,no,no,yes,yes,yes,yes,no,yes
yes,yes,no,no,no,no,no,yes,no,yes,no,yes,yes,yes,no,no,no,no,yes,yes,no
yes,no,yes,no,no,no,no,yes,no,no,yes,no,no,no,yes,no,yes,no,no,no,yes
yes,yes,no,yes,no,yes,yes,no,yes,yes,yes,no,yes,yes,yes,no,yes,no,no,yes,no
yes,yes,yes,no,yes,yes,yes,yes,no,no,no,yes,yes,yes,yes,no,yes,no,yes,no,yes
yes,no,no,yes,yes,no,no,no,no,yes,yes,no,no,no,no,yes,no,yes,yes,no,no
yes,yes,no,yes,no,yes,yes,yes,no,no,no,yes,yes,yes,no,no,yes,yes,yes,no,yes
no,yes,no,yes,no,yes,no,no,yes,no,yes,yes,yes,yes,no,no,no,no,no,no,no
no,yes,yes,yes,yes,yes,no,yes,yes,no,yes,no,no,yes,yes,no,no,no,yes,yes,yes
yes,no,no,no,yes,no,no,yes,yes,no,yes,yes,no,no,yes,yes,yes,no,yes,no,no
no,yes,yes,no,yes,no,yes,no,yes,no,yes,no,no,yes,yes,yes,yes,no,no,no,yes
yes,no,no,no,no,yes,yes,no,yes,yes,no,no,no,yes,yes,yes,no,yes,yes,yes,no
yes,no,yes,no,no,yes,no,yes,yes,no,no,yes,yes,no,no,no,no,yes,no,no,yes
yes,no,yes,yes,no,yes,no,no,yes,yes,yes,yes,no,no,no,no,no,no,yes,yes,no
no,yes,no,yes,yes,yes,no,yes,yes,yes,yes,no,yes,yes,no,no,yes,yes,yes,no,yes
yes,yes,no,yes,yes,yes,no,no,yes,no,yes,yes,no,no,yes,yes,yes,yes,no,yes,no
yes,no,no,yes,yes,yes,yes,yes,yes,no,no,yes,yes,yes,yes,no,no,no,yes,yes,yes
no,no,yes,yes,yes,yes,yes,yes,yes,no,yes,no,no,yes,no,yes,yes,no,no,no,no
no,yes,no,no,yes,yes,yes,no,yes,no,no,no,yes,yes,yes,yes,yes,no,no,no,yes
yes,no,no,yes,yes,no,no,no,yes,yes,yes,no,yes,no,yes,no,no,yes,yes,no,no
no,no,yes,no,yes,yes,no,no,no,yes,yes,yes,no,no,no,yes,no,yes,yes,no,yes
yes,yes,no,no,yes,yes,yes,yes,yes,yes,yes,yes,no,no,no,no,no,no,yes,yes,no
yes,no,yes,yes,no,no,no,no,yes,yes,yes,no,no,yes,yes,no,yes,no,no,no,yes
yes,no,yes,no,yes,no,no,no,no,yes,yes,yes,no,no,no,yes,no,yes,yes,yes,no
yes,no,yes,no,no,no,yes,yes,no,no,no,yes,no,no,yes,no,no,no,no,yes,yes
no,yes,no,yes,no,yes,yes,yes,no,yes,yes,yes,yes,yes,yes,yes,yes,yes,no,yes,no
yes,no,yes,no,yes,no,yes,yes,yes,no,no,yes,no,no,no,no,yes,yes,no,no,yes
no,no,yes,no,yes,yes,yes,no,yes,yes,yes,no,no,no,yes,yes,yes,yes,yes,yes,no
no,no,yes,yes,yes,yes,no,no,no,yes,no,yes,no,no,yes,yes,no,no,no,no,yes
yes,yes,yes,yes,yes,yes,no,yes,yes,no,yes,yes,no,no,yes,no,no,yes,yes,yes,no
yes,no,yes,no,no,no,no,yes,yes,no,yes,no,yes,no,yes,yes,no,no,yes,yes,yes
no,no,no,no,no,yes,no,yes,yes,yes,no,yes,yes,yes,no,yes,yes,no,yes,no,no
no,yes,no,yes,yes,yes,yes,yes,yes,no,no,no,yes,yes,yes,yes,no,yes,no,no,yes
yes,yes,no,no,yes,no,no,yes,no,yes,no,yes,no,yes,no,yes,no,no,no,yes,no
yes,yes,no,yes,yes,no,no,yes,no,no,no,yes,no,yes,no,no,no,no,yes,no,yes
no,no,yes,no,no,no,yes,no,no,no,no,yes,no,no,no,no,yes,yes,yes,yes,no
yes,yes,no,yes,no,no,yes,no,yes,yes,yes,no,no,yes,yes,no,yes,yes,no,no,yes
yes,no,yes,no,yes,yes,yes,yes,yes,no,no,yes,yes,no,yes,yes,no,yes,no,no,no
no,yes,no,no,yes,no,yes,yes,yes,no,no,no,yes,yes,yes,no,yes,no,yes,no,yes
no,no,yes,yes,yes,yes,no,no,yes,yes,no,yes,no,no,yes,yes,no,no,yes,yes,no
no,no,no,no,no,yes,no,yes,yes,no,no,yes,yes,no,no,yes,no,yes,no,yes,yes
no,yes,yes,no,no,yes,yes,yes,yes,no,no,no,yes,no,no,no,no,yes,no,no,no
yes,no,yes,yes,no,no,no,no,no,no,no,yes,no,yes,no,no,yes,yes,yes,no,yes
no,no,yes,no,yes,yes,no,no,yes,no,yes,yes,no,yes,no,no,no,no,no,no,no
no,no,no,yes,yes,no,yes,no,yes,no,yes,yes,no,no,yes,yes,no,no,no,yes,yes
no,no,no,yes,no,yes,no,no,no,yes,yes,no,yes,no,yes,yes,no,yes,yes,yes,no
yes,yes,no,no,no,no,yes,no,yes,no,yes,yes,no,yes,yes,no,yes,yes,yes,no,yes
no,no,no,yes,no,no,no,no,yes,yes,no,no,yes,no,no,yes,no,yes,yes,yes,no
no,no,no,no,no,yes,no,yes,no,no,no,yes,yes,yes,yes,no,no,yes,yes,no,yes
yes,no,no,no,yes,yes,no,yes,no,yes,no,yes,yes,yes,no,no,no,no,yes,yes,no
no,yes,no,yes,yes,no,no,yes,no,no,no,yes,no,no,no,yes,yes,no,no,yes,yes
no,no,yes,no,no,no,no,no,no,yes,no,yes,yes,no,no,yes,no,yes,no,yes,no
no,yes,no,yes,yes,yes,no,yes,no,yes,no,yes,yes,no,no,yes,no,yes,no,yes,yes
yes,yes,no,no,no,yes,no,no,no,no,no,yes,yes,no,yes,no,no,yes,yes,yes,no
no,no,yes,no,yes,no,no,yes,no,no,no,yes,yes,yes,yes,no,yes,no,yes,no,yes
no,no,yes,no,yes,yes,yes,no,yes,yes,no,no,no,no,yes,yes,no,yes,no,no,no
yes,no,yes,no,yes,yes,no,yes,yes,no,no,yes,yes,no,no,yes,no,yes,yes,no,yes
no,yes,no,yes,no,yes,no,no,yes,no,no,no,no,no,no,no,no,no,no,yes,no
yes,no,yes,no,no,no,no,no,yes,yes,no,yes,yes,yes,no,no,no,yes,no,yes,yes
yes,yes,no,no,no,no,yes,no,yes,no,no,no,no,yes,no,yes,no,no,no,no,no
yes,yes,no,yes,no,yes,no,no,yes,yes,yes,no,no,yes,yes,yes,no,yes,no,no,yes
yes,no,yes,yes,no,yes,no,yes,yes,no,yes,yes,no,yes,yes,no,yes,yes,no,no,no
no,yes,no,yes,yes,yes,no,yes,yes,no,yes,no,no,yes,yes,no,yes,yes,no,no,yes
yes,no,yes,yes,no,no,no,no,no,no,no,yes,no,no,no,no,yes,yes,yes,no,no
yes,yes,no,no,no,no,no,yes,no,yes,no,yes,yes,yes,yes,no,yes,no,no,yes,yes
yes,yes,yes,no,no,no,yes,yes,no,no,no,yes,yes,yes,yes,no,no,yes,yes,yes,no
no,yes,no,no,yes,no,no,no,no,no,yes,yes,no,no,yes,yes,no,no,yes,no,yes
no,no,yes,no,yes,yes,yes,yes,yes,no,yes,no,yes,yes,yes,no,no,no,yes,no,no
yes,yes,no,no,yes,yes,no,yes,no,yes,yes,yes,no,yes,no,no,yes,no,no,no,yes
no,yes,no,no,no,yes,no,no,no,yes,yes,no,no,no,no,yes,no,yes,no,yes,no
yes,yes,no,no,no,yes,yes,yes,yes,yes,no,no,yes,yes,yes,yes,yes,yes,no,yes,yes
yes,no,no,yes,yes,no,no,yes,no,no,no,no,no,yes,no,no,yes,yes,yes,yes,no
no,no,yes,no,yes,no,yes,yes,no,no,yes,no,yes,yes,no,no,yes,yes,no,yes,yes
yes,yes,no,no,yes,yes,no,no,yes,no,yes,no,no,yes,yes,yes,no,no,no,yes,no
yes,no,yes,no,yes,no,no,yes,no,no,yes,yes,no,yes,no,no,no,yes,yes,yes,yes
yes,yes,yes,yes,no,no,yes,yes,no,no,no,no,yes,yes,no,yes,no,no,yes,yes,no
yes,yes,no,no,no,no,yes,no,yes,yes,no,no,no,yes,no,yes,yes,no,no,no,yes
no,no,yes,yes,no,yes,yes,no,no,yes,yes,no,no,no,no,no,no,no,yes,no,no
no,yes,yes,no,yes,yes,no,no,yes,yes,yes,no,no,yes,yes,yes,yes,no,no,no,yes
yes,no,yes,yes,no,no,no,no,no,no,yes,yes,yes,yes,yes,no,yes,no,no,no,no
yes,no,yes,no,no,yes,yes,no,no,no,no,no,no,yes,no,yes,no,yes,yes,no,yes
no,yes,no,no,no,no,no,no,yes,no,yes,yes,no,no,yes,yes,no,no,no,no,no
no,no,no,no,yes,yes,yes,yes,no,yes,yes,no,yes,yes,no,yes,no,yes,no,no,yes
yes,no,no,no,yes,no,yes,no,no,yes,yes,no,yes,yes,no,no,no,no,yes,no,no
no,no,yes,yes,yes,no,yes,no,yes,yes,yes,yes,no,no,yes,yes,no,no,yes,no,yes
yes,no,yes,yes,yes,yes,no,no,no,no,no,no,yes,yes,yes,yes,no,no,yes,yes,no
no,no,no,no,yes,no,yes,yes,no,yes,no,yes,yes,no,yes,yes,yes,no,no,yes,yes
no,no,no,no,no,yes,yes,yes,yes,no,yes,yes,yes,yes,no,yes,no,yes,no,yes,no
no,no,no,yes,yes,no,no,yes,no,no,yes,yes,yes,no,yes,yes,no,no,yes,no,yes
no,no,yes,yes,yes,no,no,yes,yes,yes,no,no,yes,no,no,yes,yes,yes,yes,yes,no
yes,yes,no,no,no,no,yes,no,yes,no,no,no,no,yes,no,yes,no,no,no,no,yes
yes,yes,no,no,yes,no,no,yes,yes,yes,yes,yes,no,no,yes,yes,yes,no,yes,yes,no
no,yes,no,yes,yes,yes,no,yes,no,yes,yes,yes,yes,no,yes,no,yes,yes,yes,no,yes
no,yes,yes,yes,yes,yes,no,yes,yes,yes,yes,yes,no,yes,yes,yes,yes,yes,yes,no,no
yes,yes,no,yes,yes,no,yes,yes,no,yes,no,yes,no,yes,no,no,yes,yes,no,yes,yes
yes,yes,no,yes,no,no,yes,no,no,yes,no,yes,yes,yes,no,yes,yes,yes,no,no,no
no,no,yes,no,no,yes,no,no,yes,no,no,yes,yes,no,no,yes,no,yes,yes,no,yes
yes,yes,no,yes,yes,yes,yes,yes,no,no,yes,yes,yes,yes,yes,yes,yes,no,no,no,no
no,yes,no,no,no,yes,yes,yes,yes,no,yes,yes,yes,yes,yes,no,yes,yes,yes,yes,yes
yes,yes,yes,no,yes,no,yes,no,yes,no,no,no,no,yes,yes,yes,no,yes,no,no,no
no,no,yes,no,yes,no,no,yes,no,no,yes,no,yes,yes,no,no,no,yes,no,yes,yes
yes,no,yes,yes,yes,yes,yes,no,no,yes,yes,no,no,no,yes,yes,no,no,no,no,no
yes,no,yes,yes,no,no,yes,no,yes,no,yes,no,no,yes,yes,yes,no,no,no,no,yes
yes,yes,yes,yes,yes,no,yes,no,no,yes,no,yes,yes,no,no,yes,no,no,no,no,no
no,no,no,yes,no,yes,yes,yes,no,no,no,no,no,no,no,no,no,yes,no,no,yes
no,no,no,no,yes,no,yes,no,yes,yes,no,no,no,no,no,no,no,no,yes,yes,no
yes,no,yes,yes,no,no,no,no,yes,yes,yes,yes,yes,yes,yes,no,no,no,no,no,yes
yes,yes,yes,no,no,no,yes,yes,no,no,no,no,no,yes,yes,no,yes,yes,yes,no,no
no,no,yes,yes,yes,no,no,yes,yes,no,yes,yes,yes,no,yes,no,yes,no,yes,no,yes
no,no,yes,no,no,no,yes,no,yes,yes,no,no,no,yes,yes,no,yes,yes,no,no,no
no,yes,yes,yes,yes,yes,no,no,yes,yes,yes,no,no,yes,yes,yes,yes,no,yes,no,yes
yes,no,no,yes,no,no,yes,no,yes,yes,yes,yes,yes,no,no,no,no,yes,yes,yes,no
yes,no,yes,no,yes,no,yes,yes,yes,no,yes,yes,no,no,yes,yes,no,no,no,no,yes
yes,yes,yes,yes,yes,yes,no,no,yes,no,yes,no,no,no,yes,yes,no,no,no,no,no
yes,yes,yes,no,yes,yes,yes,yes,no,no,no,yes,yes,yes,yes,no,yes,no,yes,yes,yes
no,yes,yes,yes,yes,no,yes,yes,no,yes,no,no,no,no,no,no,no,no,yes,yes,no
no,yes,no,no,no,yes,yes,no,yes,no,yes,no,yes,yes,yes,no,yes,yes,no,no,yes
no,no,no,yes,no,no,no,no,yes,no,yes,yes,no,yes,no,no,yes,no,yes,yes,no
no,no,yes,yes,yes,no,no,yes,no,no,no,yes,no,yes,no,no,yes,yes,yes,yes,yes
yes,yes,no,yes,no,yes,no,no,no,yes,no,yes,yes,no,yes,no,yes,yes,no,no,no
no,yes,no,yes,yes,yes,no,no,yes,no,no,yes,no,no,no,yes,yes,yes,no,no,yes
no,yes,no,yes,yes,yes,no,yes,yes,yes,no,no,yes,yes,yes,yes,yes,yes,no,no,no
no,no,yes,yes,yes,no,yes,yes,no,no,yes,no,yes,yes,no,no,yes,yes,yes,no,yes
yes,no,yes,no,yes,no,no,no,no,yes,yes,yes,no,no,yes,yes,yes,no,yes,yes,no
no,no,no,no,yes,yes,no,yes,yes,no,yes,yes,yes,no,no,no,no,no,yes,no,yes
yes,yes,yes,no,yes,no,no,no,no,no,no,no,no,no,yes,yes,yes,yes,yes,yes,no
no,no,no,no,no,yes,no,yes,no,yes,yes,no,yes,no,yes,yes,no,yes,yes,no,yes
yes,no,no,yes,yes,yes,yes,yes,yes,no,no,yes,yes,yes,no,no,no,yes,no,no,no
no,yes,no,yes,yes,yes,yes,yes,no,no,no,yes,yes,no,no,no,no,yes,yes,no,yes
no,yes,yes,yes,yes,no,no,no,yes,yes,no,yes,no,yes,no,yes,no,no,yes,no,no
yes,no,no,yes,no,no,yes,yes,yes,no,no,no,no,yes,no,yes,no,no,yes,no,yes
no,no,no,yes,no,no,yes,no,yes,yes,yes,yes,no,yes,yes,yes,no,no,no,no,no
yes,no,yes,yes,no,no,yes,no,no,no,no,no,no,yes,yes,no,no,no,no,no,yes
yes,yes,no,yes,yes,no,yes,no,no,yes,yes,no,no,yes,no,yes,no,yes,no,yes,no
no,no,yes,yes,yes,no,no,yes,yes,no,yes,no,no,yes,no,no,no,yes,yes,yes,yes
no,yes,yes,no,yes,yes,no,no,no,no,no,no,no,yes,yes,no,no,no,no,yes,no
yes,no,yes,no,no,no,no,yes,no,no,yes,no,no,no,yes,yes,yes,no,yes,no,yes
yes,yes,no,no,no,yes,yes,yes,yes,yes,no,no,yes,no,yes,yes,no,no,yes,no,no
yes,no,no,yes,no,no,yes,yes,yes,yes,yes,no,yes,yes,yes,no,yes,yes,no,yes,yes
no,no,yes,no,yes,yes,no,yes,yes,yes,yes,no,no,yes,no,no,yes,no,yes,yes,no
no,no,yes,yes,yes,no,no,no,yes,yes,yes,yes,yes,no,yes,yes,no,no,no,yes,yes
yes,yes,yes,yes,no,no,no,no,yes,yes,yes,no,yes,yes,no,no,yes,yes,no,no,no
no,yes,no,yes,no,yes,yes,no,yes,no,no,yes,no,no,no,no,yes,yes,yes,no,yes
no,no,no,yes,no,no,no,no,no,no,yes,yes,yes,no,no,no,no,yes,no,no,no
yes,yes,no,yes,no,no,yes,no,yes,no,no,no,yes,yes,no,no,no,no,yes,yes,yes
no,yes,no,yes,no,no,no,yes,no,yes,no,yes,yes,no,yes,no,no,no,no,no,no
yes,yes,yes,no,no,no,yes,no,no,no,yes,yes,no,yes,yes,no,yes,no,yes,yes,yes
yes,no,yes,yes,yes,yes,yes,no,no,no,no,yes,no,no,no,no,no,yes,yes,yes,no
no,yes,no,yes,no,yes,yes,yes,no,yes,no,yes,yes,yes,no,no,yes,yes,no,no,yes
yes,yes,no,no,no,no,no,yes,no,no,yes,no,yes,yes,yes,no,no,yes,no,yes,no
no,yes,yes,no,yes,no,yes,no,yes,yes,no,no,yes,yes,yes,yes,yes,no,yes,yes,yes
no,yes,no,yes,yes,yes,yes,yes,yes,yes,yes,no,yes,yes,no,yes,yes,no,yes,no,no
no,no,no,no,yes,no,no,no,yes,yes,no,yes,yes,no,no,yes,yes,no,yes,no,yes
yes,yes,no,yes,no,yes,no,yes,no,no,no,yes,no,yes,no,yes,no,yes,no,no,no
no,yes,no,yes,yes,no,no,yes,no,yes,no,yes,yes,no,yes,no,yes,yes,yes,yes,yes
no,yes,no,no,no,no,yes,no,yes,no,yes,yes,yes,yes,no,yes,yes,no,yes,no,no
no,no,yes,yes,yes,no,no,no,yes,yes,no,yes,yes,no,no,yes,yes,no,yes,yes,yes
yes,no,no,yes,yes,no,no,no,yes,no,no,no,yes,yes,yes,no,yes,yes,no,no,no
no,yes,no,no,yes,no,yes,no,yes,no,no,no,yes,yes,no,yes,yes,no,no,yes,yes
yes,yes,no,no,no,no,yes,no,yes,yes,no,yes,no,yes,no,no,no,yes,yes,yes,no
no,yes,no,yes,yes,yes,yes,no,no,yes,no,yes,no,no,no,yes,yes,yes,yes,no,yes
no,yes,no,no,no,yes,yes,yes,no,yes,yes,yes,yes,yes,no,no,no,yes,yes,no,no
yes,no,yes,yes,no,no,yes,yes,yes,no,no,no,yes,no,no,no,yes,yes,yes,yes,yes
yes,no,no,yes,no,yes,yes,yes,yes,no,no,yes,no,no,no,no,yes,yes,yes,yes,no
yes,no,yes,no,no,no,no,yes,no,no,yes,no,yes,yes,yes,yes,no,no,no,no,yes
yes,yes,yes,yes,no,no,yes,no,yes,no,yes,no,no,no,no,yes,yes,yes,no,no,no
yes,no,yes,no,no,no,yes,no,no,no,yes,no,no,yes,yes,yes,yes,no,yes,no,yes
no,yes,yes,yes,no,no,no,no,yes,no,yes,yes,yes,yes,no,no,no,yes,no,no,no
yes,no,no,yes,yes,no,yes,yes,no,no,no,yes,no,yes,no,no,yes,no,yes,no,yes
no,yes,yes,yes,no,yes,no,no,no,yes,no,yes,no,yes,yes,yes,no,no,no,no,no
no,no,no,yes,yes,no,yes,no,yes,no,no,yes,no,no,yes,yes,no,no,no,no,yes
yes,no,no,no,yes,no,yes,yes,no,yes,yes,yes,no,yes,no,yes,yes,yes,yes,no,no
yes,no,no,yes,no,no,yes,yes,yes,no,no,no,no,yes,yes,yes,no,no,yes,no,yes
yes,yes,yes,no,no,no,yes,yes,no,yes,no,yes,no,no,yes,no,yes,no,no,no,no
no,yes,yes,yes,yes,no,yes,yes,no,no,no,yes,yes,yes,yes,no,no,no,no,no,yes
yes,no,no,yes,no,yes,yes,no,yes,yes,no,no,yes,no,no,yes,yes,yes,yes,no,no
no,no,no,no,yes,no,yes,yes,yes,yes,yes,yes,yes,no,yes,no,yes,no,no,no,yes
no,no,no,no,yes,no,yes,yes,no,yes,no,yes,no,yes,no,no,no,yes,yes,no,no
no,yes,no,no,yes,no,yes,no,yes,no,yes,no,no,yes,no,yes,yes,no,yes,yes,yes
yes,yes,no,no,no,no,no,no,no,no,no,no,no,no,yes,no,no,no,no,no,no
no,yes,no,no,yes,yes,yes,no,yes,yes,yes,no,yes,yes,yes,yes,no,yes,yes,no,yes
yes,yes,yes,no,yes,yes,yes,yes,yes,yes,yes,no,no,no,yes,yes,yes,yes,yes,no,no
yes,no,yes,yes,no,no,no,no,yes,no,no,yes,yes,yes,no,no,yes,no,yes,yes,yes
yes,no,yes,no,yes,yes,yes,no,no,no,yes,yes,no,no,yes,yes,yes,no,no,yes,no
yes,yes,no,yes,no,no,no,no,yes,no,no,yes,yes,yes,yes,no,no,yes,no,yes,yes
yes,yes,yes,no,no,yes,no,no,no,no,yes,yes,yes,no,no,no,yes,no,no,no,no
yes,no,no,yes,no,no,yes,no,yes,no,no,no,yes,yes,no,yes,yes,no,yes,no,yes
yes,no,no,yes,yes,yes,no,no,no,yes,no,no,yes,no,no,yes,no,no,yes,no,no
no,yes,no,yes,yes,yes,no,yes,no,yes,yes,yes,yes,yes,yes,no,yes,no,no,yes,yes
no,no,yes,no,no,no,no,yes,yes,yes,yes,no,no,yes,yes,yes,yes,no,no,no,no
no,no,no,no,yes,no,yes,no,yes,yes,yes,no,yes,yes,yes,yes,yes,no,yes,no,yes
no,no,yes,no,no,yes,yes,yes,no,yes,yes,yes,no,no,yes,yes,yes,no,no,yes,no
no,no,no,no,yes,no,yes,no,no,no,no,yes,no,no,yes,yes,no,no,yes,yes,yes
yes,no,yes,yes,yes,no,no,no,no,yes,yes,yes,yes,no,no,no,no,yes,no,yes,no
no,yes,no,no,yes,yes,yes,no,yes,no,yes,yes,yes,no,no,yes,no,yes,yes,no,yes
no,no,yes,no,no,no,yes,no,no,yes,no,no,yes,no,no,yes,no,no,no,no,no
no,no,no,yes,no,yes,no,no,no,yes,no,yes,no,no,no,yes,no,yes,yes,no,yes
no,yes,yes,yes,yes,no,no,no,yes,no,yes,no,yes,yes,no,no,no,yes,yes,no,no
no,yes,no,no,yes,no,no,yes,no,no,no,yes,yes,no,yes,no,yes,yes,no,no,yes
no,no,yes,yes,yes,yes,no,yes,no,no,no,yes,yes,yes,yes,no,no,no,yes,yes,no
yes,no,yes,yes,no,yes,yes,yes,no,no,no,yes,no,no,no,yes,no,yes,yes,yes,yes
yes,no,yes,yes,no,no,no,no,no,no,no,yes,no,yes,no,no,no,no,no,yes,no
yes,no,yes,yes,no,no,no,yes,no,no,yes,yes,yes,no,yes,yes,yes,no,no,no,yes
yes,no,no,yes,no,no,no,no,no,no,yes,yes,no,yes,yes,no,no,yes,yes,no,no
no,no,yes,yes,yes,no,no,no,yes,no,no,yes,yes,no,no,yes,yes,no,no,yes,yes
no,yes,yes,no,yes,yes,yes,yes,no,no,no,no,no,no,no,no,yes,yes,no,yes,no
no,no,yes,no,yes,yes,no,no,no,yes,yes,no,no,yes,no,yes,no,no,yes,no,yes
yes,no,no,no,no,no,yes,no,yes,yes,yes,no,yes,yes,no,yes,yes,no,yes,no,no
no,no,yes,yes,yes,no,no,yes,yes,no,no,yes,no,no,yes,yes,yes,no,no,no,yes
no,no,no,yes,no,no,no,yes,no,yes,yes,yes,no,no,yes,no,yes,yes,yes,yes,no
yes,yes,no,no,yes,no,no,yes,no,no,yes,yes,yes,yes,yes,no,yes,yes,yes,no,yes
yes,no,yes,yes,no,no,yes,no,yes,no,yes,no,no,no,yes,no,yes,yes,yes,no,no
yes,no,no,no,no,no,no,yes,no,yes,no,yes,yes,yes,no,no,yes,no,no,yes,yes
yes,no,no,no,no,yes,yes,yes,yes,yes,no,no,no,yes,yes,yes,no,no,yes,no,no
yes,no,yes,yes,no,no,no,yes,no,no,no,yes,yes,no,no,no,yes,no,yes,yes,yes
yes,yes,no,no,no,yes,yes,no,no,yes,yes,yes,yes,yes,no,no,yes,no,no,yes,no
no,yes,no,no,yes,no,no,yes,no,no,yes,yes,yes,yes,no,no,no,yes,no,no,yes
no,no,no,no,no,no,no,no,no,no,yes,no,no,yes,yes,yes,yes,yes,no,no,no
no,yes,no,yes,yes,yes,no,no,yes,no,yes,no,yes,yes,no,yes,yes,no,yes,no,yes
no,yes,no,no,yes,yes,no,no,no,yes,yes,yes,yes,yes,yes,no,yes,no,yes,no,no
no,no,no,yes,yes,no,yes,yes,yes,yes,no,yes,yes,yes,no,no,yes,yes,no,no,yes
no,no,no,no,yes,yes,no,no,yes,yes,yes,no,yes,yes,no,yes,yes,yes,yes,no,no
no,yes,no,yes,yes,yes,no,no,yes,no,yes,yes,yes,no,no,yes,no,yes,no,no,yes
no,no,no,yes,no,yes,no,no,yes,yes,no,no,no,yes,yes,yes,no,no,yes,yes,no
no,no,yes,yes,yes,yes,no,no,no,no,yes,yes,no,no,no,yes,no,no,no,no,yes
yes,yes,yes,no,yes,yes,no,no,yes,yes,yes,no,no,no,no,no,no,no,yes,yes,no
no,no,no,no,yes,yes,no,yes,yes,yes,yes,yes,yes,no,no,no,no,yes,no,no,yes
no,no,yes,no,yes,yes,no,no,yes,no,no,no,no,no,no,no,yes,yes,yes,yes,no
no,yes,no,yes,yes,yes,yes,no,yes,yes,no,yes,no,no,no,yes,yes,no,no,no,yes
no,no,no,no,yes,yes,no,yes,yes,yes,no,yes,yes,yes,no,no,yes,no,no,yes,no
yes,yes,no,no,yes,no,yes,yes,yes,yes,no,yes,yes,yes,yes,no,yes,no,no,no,yes
no,no,yes,no,no,no,yes,no,no,no,yes,yes,no,no,yes,yes,no,no,yes,yes,no
no,yes,no,yes,yes,no,no,yes,yes,yes,no,yes,no,no,yes,yes,yes,no,yes,yes,yes
no,yes,no,no,yes,yes,no,no,yes,yes,yes,no,no,yes,yes,no,no,yes,yes,yes,no
yes,no,yes,no,no,yes,yes,yes,no,no,no,yes,no,yes,no,no,no,yes,no,yes,yes
yes,no,no,no,yes,yes,no,no,no,yes,no,yes,no,yes,yes,no,no,no,yes,yes,no
no,no,no,yes,yes,yes,no,yes,yes,yes,yes,yes,no,no,yes,yes,no,no,no,yes,yes
no,yes,no,yes,yes,no,yes,yes,yes,no,yes,yes,yes,no,yes,no,no,no,no,no,no
yes,yes,no,no,yes,no,no,yes,yes,no,no,yes,yes,yes,yes,no,yes,yes,no,yes,yes
yes,yes,yes,yes,no,no,no,yes,yes,no,yes,yes,no,no,yes,yes,yes,yes,yes,no,no
